"카테고리","파일","진행상태","핵심위험","다음조치"
"MCP 검증 복구","01_GameSystem_QA.csv;02_StorySystem_QA.csv","최우선","run_tests/recompile_scripts Request timed out","수동 QA 대신 MCP timeout 원인 분석 후 GameSystem PlayMode와 StorySystem EditMode 재실행"
"게임 시스템","01_GameSystem_QA.csv","Pending QA","GameSystem PlayMode 검증 미실행","MCP run_tests로 GameSaveContinueTests/GameSaveProgressReadTests 실행"
"게임 시스템","01_GameSystem_QA.csv","Pending QA","스테이지별 잠금/해금과 재시작 후 이어하기 검증 필요","1~7스테이지 클리어 후 savedStage/playingStage 유지 확인"
"스토리 시스템","02_StorySystem_QA.csv","Pending QA","Stage 입력 공통화 이후 Unity 실행 검증 미실행","MCP run_tests로 StorySystemStaticRegressionTests 실행"
"스토리 시스템","02_StorySystem_QA.csv","Pending QA","미클리어 스테이지 Story 진입 차단과 Story 종료 후 전투 이동 검증 필요","Stage1/2/3/5/7 Story 진입 조건과 종료 씬 확인"
"옵션 시스템","05_OptionSystem_QA.csv","Pending QA","옵션 저장값이 새 게임/이어하기/재시작 후 유지되는지 미확인","오디오/비디오/게임플레이 옵션 저장 유지 확인"
"전투 코어","03_BattleCore_QA.csv","대기","턴/마나/상태이상 회귀 가능","턴 시작/종료 테스트부터 작성"
"전투 콘텐츠","04_BattleContent_QA.csv","대기","소환수/AI 확장 회귀 가능","소환수 뽑기 테스트부터 작성"

